,Col,Row,ShortName,CountryCode,Continent,Country,2000,2001,2002,2003,2004,2005,2006,2007,2008,2009,2010,2011,2012,2013,2014,2015,2016
0,16,11,Afghanistan,AFG,Indian,Afghanistan,-3.98152700023436,-3.98152700023436,-3.98152700023436,-3.98152700023436,-3.98152700023436,-3.98152700023436,-3.98152700023436,-3.98152700023436,-3.98152700023436,3.98152700023436,3.4128191528383,4.14358145936131,6.34590567573504,-6.34590567573504,-6.34590567573504,-6.34590567573504,-6.34590567573504
1,11,10,Albania,ALB,Europe,Albania,4.19606850802538,7.0458441049344,6.92523217963026,5.33589627789091,4.22887989238631,5.00133314756953,3.11033741922536,3.47232901011837,3.10865137678158,2.86906756991665,4.31895664889773,4.8519489287956,5.37664051747254,4.24806216422323,4.0057861355291,2.2576822770573,2.69892642173124
2,9,12,Algeria,DZA,Africa,Algeria,-2.00595528003537,-2.00595528003537,-2.00595528003537,2.00595528003537,1.36760588193583,0.612825408414339,0.923680458074455,0.790085712929616,0.9408871849014,0.781035003902355,0.703257524848594,0.760465402653666,1.39222203614895,1.25200313981521,1.47520103960511,1.35936601175656,-1.35936601175656
3,22,19,American Samoa,ASM,Oceania,American Samoa,-1.71895143962183,1.71895143962183,11.9187481909043,5.07468240945921,6.74946004319655,10.1491931391454,6.82011935208866,1.72702623352849,5.26038926880589,3.55700997741299,8.98682531408955,9.03832248734635,3.62122035125837,5.42426817581861,5.4115482439526,7.20240560347156,5.39710067751604
4,7,7,Andorra,ADO,Europe,Andorra,-1.31157861602224,-1.31157861602224,-1.31157861602224,-1.31157861602224,1.31157861602224,-0.8743857440148266,-0.4371928720074133,0.0,1.19244941033377,0.0,0.0,1.19401559384366,0.0,0.0,0.0,0.0,-0.0
5,11,23,Angola,AGO,Africa,Angola,-4.35616230771724,-4.35616230771724,-4.35616230771724,-4.35616230771724,-4.35616230771724,-4.35616230771724,-4.35616230771724,-4.35616230771724,-4.35616230771724,-4.35616230771724,-4.35616230771724,4.35616230771724,4.84934940219914,-4.84934940219914,-4.84934940219914,-4.84934940219914,-4.84934940219914
6,5,15,Antigua and Barbuda,ATG,Central America,Antigua and Barbuda,5.98200612557427,8.22977532713357,5.79602624440684,5.72783613806376,4.53221840760506,3.36123155524184,12.1814819326475,18.6034295969622,17.3014122277731,17.0974877378955,6.33840758073547,-8.335720628046085,10.3330336753567,-10.3330336753567,-10.3330336753567,-10.3330336753567,-10.3330336753567
7,3,25,Argentina,ARG,South America,Argentina,-7.50787867761292,-7.50787867761292,-7.50787867761292,-7.50787867761292,-7.50787867761292,-7.50787867761292,-7.50787867761292,-7.50787867761292,-7.50787867761292,-7.50787867761292,-7.50787867761292,-7.50787867761292,-7.50787867761292,-7.50787867761292,7.50787867761292,6.5341917070121,5.94256445075001
8,14,10,Armenia,ARM,Middle East,Armenia,2.96456723182394,2.88462641629421,2.27430265430896,2.5183858737109,2.76610238178078,1.94548678930613,2.67027209734663,2.62524820528486,3.33537352744978,3.35804671077594,1.94626163108541,2.46906625130713,2.25543925199919,2.17728716240385,2.47744492846378,2.57117879977374,2.97812576892127
9,3,18,Aruba,ABW,Central America,Aruba,-4.30579775667937,4.30579775667937,5.26360114535961,4.12298875454817,2.02558311473916,5.99814057642131,4.95874325610917,2.963841138115,4.93325308574981,3.942712388988,3.93433593327366,1.95976600393913,3.89950963666319,5.81468595850252,1.92687509032227,-1.92687509032227,-1.92687509032227
10,19,23,Australia,AUS,Oceania,Australia,1.8986840179112,1.80086361530481,1.87931404626532,1.73123056680996,1.51390367632459,1.27971362874757,1.3658276531591,1.21737762156303,1.22291243108291,1.20980503278894,1.04430077598329,1.10321271111009,1.06476911664782,1.05828200917561,1.03515840990808,0.991615137694165,0.941156077816376
11,10,6,Austria,AUT,Europe,Austria,1.01620021424475,0.864437865935072,0.79907435227033,0.611557058518183,0.718040649619895,0.654255995832147,0.736293918876102,0.54140008226875,0.695572667975703,0.609316230105527,0.689659354652448,0.886539074387011,0.927496974481388,0.722797571679952,0.52124236379937,0.530035926065519,0.655219649857976
12,15,10,Azerbaijan,AZE,Middle East,Azerbaijan,2.78231202989237,2.6594190584461,2.561309844189,2.18863943050406,2.37901298657029,2.24861060458815,2.2015725021277,2.16636192411452,2.1763999352521,-2.228531994670295,2.28066405408849,-2.2304659159932747,2.18026777789806,2.35474800839995,2.48322481675958,-2.31223828247118,2.14125174818278
13,3,10,Bahamas,BHS,Central America,Bahamas,24.8413844036389,14.1850990482788,16.8199329143445,15.835513355672,13.6423110074847,15.793517975757,18.1639519995236,22.7851651048118,20.9363420482052,24.5169871722614,26.0509045760908,34.6456864756334,29.8355817535258,31.5449051002015,32.1847140924565,37.7418971248947,28.4005573673349
14,15,14,Bahrain,BHR,Middle East,Bahrain,-1.29023194069521,1.29023194069521,1.08821625033327,0.385252038304326,0.843527971387531,0.449858744354273,0.730373304229696,0.386141012905798,0.538314537184077,1.09701956660976,0.886480527246382,0.547615564486035,0.307640955317459,0.380109334649019,0.523796446714562,-0.523796446714562,-0.523796446714562
15,18,13,Bangladesh,BGD,Indian,Bangladesh,2.54063567403752,2.74258287178701,2.56440914743118,2.49678099758464,2.76135400014078,2.50433830247179,2.86583009009328,2.62540521919819,2.75459667187466,2.80416615477397,2.62111307104527,2.5767985371581,2.64180174269399,2.7879443928149,2.83177572807987,2.50308797930552,-2.50308797930552
16,5,17,Barbados,BRB,Central America,Barbados,7.41160731822107,9.23582762251325,9.20884933585779,12.1208559528095,8.05592275102439,10.5835939695411,12.7254680245347,9.05305087814594,8.29369787140441,6.82299709124861,11.0884969363556,9.62220376976561,7.81291617096081,8.49530457436754,8.82192070857667,10.9071589665643,-10.9071589665643
17,13,4,Belarus,BLR,Europe,Belarus,10.1977035737968,9.81468477389914,10.0844976900484,9.02459062341954,8.42211691303684,8.57450826754087,7.66576191877154,6.80517201461613,5.69034569218217,5.13375216458282,4.23305177381232,3.93937793737128,3.58962934965418,3.51306512083362,3.58466358617547,-3.58466358617547,-3.58466358617547
18,8,5,Belgium,BEL,Europe,Belgium,2.0618490526144,2.73281791612168,3.07769936665964,2.20749873884637,2.55722335924303,2.09540522197737,2.08106413378248,1.97236169748365,1.88326135966089,1.74028502001328,1.7278042743318,1.94314344130522,1.84958790279288,1.83831573691532,1.85397107680334,1.94898271961049,-1.94898271961049
19,2,15,Belize,BLZ,Central America,Belize,16.5780482380769,25.0996140934333,33.1800187638727,24.8950321406012,28.6139614399704,28.5939204382989,31.6426308783925,32.5059398740646,33.6419904299969,30.8987063953951,40.1109425138678,37.6679870713748,43.0649151621171,28.7639352549966,34.9735849914983,33.1210616552738,37.5991678050859
20,10,17,Benin,BEN,Africa,Benin,7.31407002923557,-7.28853880196711,-7.2630075746986495,-7.23747634743019,-7.21194512016173,7.18641389289327,-7.062742857273478,-6.939071821653686,-6.815400786033894,-6.691729750414102,6.56805871479431,-6.490999667942615,-6.413940621090922,-6.336881574239228,-6.259822527387534,6.18276348053584,-6.18276348053584
21,4,7,Bermuda,BMU,North America,Bermuda,0.0,4.66396156895667,1.54774802662127,3.08308925543394,1.53692461384769,3.07078151389529,4.61091557413584,4.62306601738273,7.73694390715667,9.33082437833382,10.9450247044843,12.5823752378855,9.49682647715222,7.9654617578181,6.41210605623417,6.45130074351241,12.9601249356044
22,18,12,Bhutan,BTN,Indian,Bhutan,3.13908227185848,3.2225237449118,3.13325054955566,0.802009515040886,2.34271773999581,1.67519748293964,1.33883146789482,2.0379702980386,2.56794350524288,2.23945984228604,2.1988865388289,4.32134609930994,4.38266218838276,3.13741484860012,-2.3307224969581952,1.52403014531627,1.12929130696647
23,3,22,Bolivia,BOL,South America,Bolivia,-5.23812138173752,-5.23812138173752,-5.23812138173752,-5.23812138173752,-5.23812138173752,5.23812138173752,5.19210016573787,8.15553214105808,8.6251302754052,8.3924700176703,12.8349358686751,12.2639207655465,11.9249880164125,8.96131098210584,8.91863112456459,6.25658234888512,6.30019121723221
24,11,8,Bosnia and Herzegovina,BIH,Europe,Bosnia and Herzegovina,2.62829113819873,2.17432577339707,2.38359640733756,-2.09096295894919,1.79832951056082,1.85110259603917,1.93148877037721,1.74880763116057,1.75364059773637,1.89507123999849,1.50453348178064,1.38253907367171,1.72687900882627,1.27600590180469,1.40213045309565,1.61200872973429,1.27536321919362
25,12,24,Botswana,BWA,Africa,Botswana,-12.1372016627396,12.1372016627396,14.3262209732504,17.2916508483162,14.1581890637556,15.6801296655121,13.8517533347698,14.6258855190152,14.4372726193785,14.5968295080212,15.0382209040204,-15.0382209040204,-15.0382209040204,-15.0382209040204,-15.0382209040204,-15.0382209040204,-15.0382209040204
26,5,22,Brazil,BRA,South America,Brazil,23.7295736165923,24.7395466282631,25.3037856092223,25.6614767508452,24.0226772500913,23.349664297236,23.8535443936115,23.3606164568557,23.7771949821553,22.8419264190528,21.9882217380859,24.2009167720386,26.4528021384897,26.7592342603254,27.9565761326428,28.3833762276311,29.5279564980517
27,20,17,Brunei,BRN,South-east Asia,Brunei,1.20033249210031,-1.0831959475268262,-0.9660594029533427,0.848922858379859,0.556292643307939,0.547708115391146,0.810263335584065,0.800290238593197,0.263676921941084,0.781714142772271,0.257292969212323,0.25379873252913,1.0006303971502,0.492955663567619,-0.492955663567619,-0.492955663567619,-0.492955663567619
28,13,7,Bulgaria,BGR,Europe,Bulgaria,4.15114831140164,3.8837174640939,3.24176470992054,3.16509183059045,3.15112593345649,2.5898768611161,2.43935737883968,2.33911976940772,2.29017868852917,2.01179448044066,1.99876022845289,1.74002574422464,1.92876351348486,1.50010851702437,1.6061710198286,1.79730921910955,1.13604201279716
29,9,16,Burkina Faso,BFA,Africa,Burkina Faso,-0.634502281767821,-0.634502281767821,0.634502281767821,0.640082385715068,0.598592432916782,0.469381080068217,0.49894509268339,0.659555581625932,0.735207722730839,0.508549610566578,0.595954545201134,0.509889873736344,0.506903054066763,0.714590168188168,0.784716140593156,0.369948600335361,-0.369948600335361
30,13,21,Burundi,BDI,Africa,Burundi,-4.15232632560278,-4.15232632560278,-4.15232632560278,-4.15232632560278,-4.15232632560278,-4.15232632560278,-4.15232632560278,-4.15232632560278,4.15232632560278,4.42924522245236,3.95805601276616,3.85912192481059,5.36497380283292,5.41656172078333,5.70169807486815,4.5199313284186,6.02052199689205
31,19,15,Cambodia,KHM,South-east Asia,Cambodia,4.69867813264821,3.28160359631502,3.36374448553665,3.9601267365039,3.91169909587697,3.37598503594633,2.96857268576196,2.8735016571623,2.39904747008917,2.34914913960106,2.31327146904619,1.84345922096239,-1.84345922096239,-1.84345922096239,-1.84345922096239,-1.84345922096239,-1.84345922096239
32,11,19,Cameroon,CMR,Africa,Cameroon,3.00506067931132,4.81753137313618,6.40974390493038,6.06764442537893,-5.674975191920152,-5.282305958461373,-4.889636725002596,-4.496967491543818,4.10429825808504,6.57145146381011,5.00237976074204,4.06911213971119,4.17410119150193,-4.17410119150193,-4.17410119150193,-4.17410119150193,-4.17410119150193
33,2,4,Canada,CAN,North America,Canada,1.77643165180846,1.78567215342908,1.85818480439684,1.73581436537204,1.95621722925335,2.05649284966108,1.86243223909415,1.80799887776874,1.83807306717636,1.80527685977476,1.62722175766407,1.75455755009566,1.57016885475523,1.44374657057006,1.46328880816053,1.68012486554481,1.68410454480005
34,6,12,Cabo Verde,CPV,Africa,Cabo Verde,-3.2598278376258,-3.2598278376258,-3.2598278376258,3.2598278376258,4.49040336651955,9.27160969894662,7.27960981291403,5.96170529440545,6.91446200401446,7.64644450391679,7.76298608235931,10.4316950323481,10.8953867765025,10.3824989521367,12.3471564498696,8.63180293969185,11.485829080489
35,2,12,Cayman Islands,CYM,Central America,Cayman Islands,9.59531748506729,4.61723150798781,0.0,6.51777179108369,10.5710480137001,6.17004648101682,1.99876076832364,3.88477749936872,7.55772210255829,14.7386650454135,16.2141711856162,-13.664746606769379,-11.11532202792256,8.56589744907574,8.44994254039073,-8.44994254039073,-8.44994254039073
36,12,19,Central African Republic,CAF,Africa,Central African Republic,-19.7573759607917,-19.7573759607917,-19.7573759607917,-19.7573759607917,-19.7573759607917,-19.7573759607917,-19.7573759607917,-19.7573759607917,-19.7573759607917,-19.7573759607917,-19.7573759607917,-19.7573759607917,-19.7573759607917,-19.7573759607917,-19.7573759607917,-19.7573759607917,19.7573759607917
37,11,14,Chad,TCD,Africa,Chad,11.3777708541108,-11.2460656478222,-11.1143604415336,-10.982655235245,-10.850950028956401,10.7192448226678,-10.512131977045991,-10.30501913142418,-10.09790628580237,-9.890793440180559,9.68368059455875,-9.555004534166226,-9.426328473773703,-9.297652413381178,-9.168976352988654,9.04030029259613,-9.04030029259613
38,2,25,Chile,CHL,South America,Chile,-3.24692956289492,-3.24692956289492,-3.24692956289492,3.24692956289492,-3.4070707670309703,3.56721197116702,3.61524215504707,3.73521520266544,3.52900040103369,3.74343962206234,3.18359754054438,3.70772904685654,2.50725804988704,3.18387775925097,3.62216030863985,3.00630293366187,3.46278280351677
39,20,8,Taiwan,TWN,South-east Asia,Taiwan,-1.39184023202432,1.39184023202432,-1.3141280310102539,-1.236415829996188,-1.158703628982122,-1.0809914279680561,1.00327922695399,0.77081373360581,0.833023457329965,0.78637340876146,0.774811073790323,-0.772121820671693,0.769432567553063,0.719798723711172,-0.7686577773291361,0.8175168309471,-0.8175168309471
40,19,8,China,CHN,South-east Asia,China,2.09304006454604,2.0093184619642,2.0233372547518,1.86727245364716,1.88058290487141,1.57155197052377,1.35215746575384,1.20578948972959,1.10166856954232,1.08478264501843,0.986207000089638,0.878623283736108,0.820681452414984,0.769457060366304,0.725338080129504,0.658540584603212,0.615600711867487
41,2,20,Colombia,COL,South America,Colombia,65.6841589628422,67.9208124324558,68.2831346334286,55.8049813400982,47.3034427848241,41.8406716648762,39.8738727287302,38.7564301465263,35.9453118137764,34.8267944413908,33.666464879849,34.7514879657539,35.0671560568433,32.5687138289834,27.9189505521133,26.5028930804413,25.5043261481876
42,14,23,Comoros,COM,Africa,Comoros,10.3627728481425,-10.197674562098603,-10.032576276054709,-9.867477990010812,-9.702379703966917,9.53728141792302,-9.335807820493976,-9.134334223064933,-8.932860625635888,-8.731387028206845,8.5299134307778,-8.364576718273684,-8.199240005769568,-8.033903293265451,-7.868566580761336,7.70322986825722,-7.70322986825722
43,11,22,Democratic Republic of the Congo,ZAR,Africa,Democratic Republic of the Congo,14.0568700045311,-14.1754209580535,-14.2939719115759,-14.412522865098301,-14.531073818620701,14.6496247721431,-14.57531536838804,-14.50100596463298,-14.42669656087792,-14.35238715712286,14.2780777533678,-14.13173988242962,-13.98540201149144,-13.83906414055326,-13.692726269615079,13.5463883986769,-13.5463883986769
44,12,21,Congo,COG,Africa,Congo,11.3347090006687,-11.19569344728646,-11.05667789390422,-10.91766234052198,-10.77864678713974,10.6396312337575,-10.485191505966865,-10.330751778176232,-10.176312050385597,-10.021872322594964,9.86743259480433,-9.758436357852926,-9.649440120901522,-9.540443883950118,-9.431447646998715,9.32245141004731,-9.32245141004731
45,2,18,Costa Rica,CRI,Central America,Costa Rica,6.34323310770275,6.43014733294002,6.34966888199559,7.27101571969362,6.68730496355658,7.88635921165599,8.14613091273335,8.44496207662762,11.5588458131242,11.6971754997423,11.5944452266967,10.3032861396456,8.7449362092356,8.73278753765351,10.0261162461969,11.5852151854924,11.9049816045378
46,8,18,Côte d'Ivoire,CIV,Africa,Côte d'Ivoire,16.0677342748455,-15.795184472575619,-15.52263467030574,-15.25008486803586,-14.97753506576598,14.7049852634961,-14.2897174287386,-13.8744495939811,-13.4591817592236,-13.0439139244661,12.6286460897086,-12.42902173051306,-12.22939737131752,-12.02977301212198,-11.83014865292644,11.6305242937309,-11.6305242937309
47,11,7,Croatia,HRV,Europe,Croatia,2.28090238821772,1.83753470898895,1.66066892199156,1.57213144112504,1.8932827241373,1.55320042658193,1.69309302699637,1.42127967437107,1.63127339498781,1.1287503305626,1.43248170755516,1.13600244449179,1.18700550165413,1.07531758102167,0.845560093133747,0.873462234325838,1.04463447717326
48,2,11,Cuba,CUB,Central America,Cuba,5.26422650486928,5.40828434738814,5.89231697135264,5.70926247800667,5.85784553234103,6.06154434857141,5.09904496481261,5.02490912920713,4.55359152816233,4.99178255406454,4.45599335959928,4.70291865421491,5.45591314678269,5.90597736608656,5.24486206755785,5.40072130602878,4.98768643112986
49,3,19,Curacao,CUW,Central America,Curacao,-7.67595200994803,7.67595200994803,30.2726870502759,33.5882394294686,31.9920098004791,20.0936674034345,13.6469089751171,19.1884751066436,-19.1884751066436,-19.1884751066436,-19.1884751066436,-19.1884751066436,-19.1884751066436,-19.1884751066436,-19.1884751066436,-19.1884751066436,-19.1884751066436
50,12,11,Cyprus,CYP,Europe,Cyprus,0.848099091897897,0.728952536858964,0.204715414866024,1.40907018477943,1.58351560257717,1.94617275397068,1.43470787912873,1.22213531482206,0.832129057669317,1.73029917783469,0.719031967262475,0.800117350544747,1.93822011484835,1.04904641680712,0.954605058191856,1.29200635667128,1.11086766968333
51,11,5,Czech Republic,CZE,Europe,Czech Republic,1.75905871504745,1.38250588733317,1.45331271905154,1.59190927250039,1.30865304834125,1.05281874672456,1.26234574135041,1.21661713618754,1.09365169726109,0.896361107654399,0.977574071167013,0.813722387253323,0.99180532656135,0.849498904193608,0.764257218409428,0.829894145115667,0.612647102224448
52,10,4,Denmark,DNK,Europe,Denmark,1.08589951984519,0.970500154720121,1.04228688164702,1.20661566951948,0.795889361013748,0.977552805373663,0.532666899693129,0.712985495132777,0.982211959521954,0.850455998220918,0.75609684088338,0.823948529726541,0.837691109423847,0.851393367326396,1.2888613774856,0.984408550642986,0.980681382327848
53,14,17,Djibouti,DJI,Africa,Djibouti,8.93995574873464,-8.773201921107994,-8.606448093481347,-8.439694265854703,-8.272940438228057,8.10618661060141,-7.967988695586373,-7.829790780571335,-7.691592865556296,-7.553394950541258,7.41519703552622,-7.229099064392398,-7.043001093258576,-6.856903122124754,-6.670805150990932,6.48470717985711,-6.48470717985711
54,5,16,Dominica,DMA,Central America,Dominica,2.870428842069,1.43533802210421,12.8895508707608,11.4134079009316,11.3670270961508,11.3271128605208,7.06144872682079,9.8661028893587,9.84888988941104,18.2509932752109,20.996640537514,8.36610056052874,-8.36610056052874,-8.36610056052874,-8.36610056052874,-8.36610056052874,-8.36610056052874
55,4,12,Dominican Republic,DOM,Central America,Dominican Republic,14.1311855177071,12.5903660588567,14.4809638728823,21.2093097941961,24.596292342369,25.9159176778818,22.8782698905962,22.2108753746836,24.8429931136966,24.3146892050356,24.994986353283,25.0620942556144,22.3339356668423,19.2388196974389,17.3940720233746,-16.28788846329025,15.1817049032059
56,2,21,Ecuador,ECU,South America,Ecuador,14.514677641125,12.8999580245636,14.5807164287802,14.5753059102376,17.6910618019849,15.4420387335257,17.0753779493509,16.0008976834459,18.0445669656929,17.8677480341223,17.5631365632631,15.4440612346486,12.4710872466369,11.014237610116,8.24366954090495,6.53478662032481,5.85376668216684
57,12,13,Egypt,EGY,Africa,Egypt,-0.636641844303033,-0.636641844303033,-0.636641844303033,0.636641844303033,0.427158249223729,0.679880938520672,0.702413877917244,0.854945292113621,1.19450727754485,1.10592343017868,2.18648477522948,3.14677153638856,2.51328794238893,-2.51328794238893,-2.51328794238893,-2.51328794238893,-2.51328794238893
58,1,17,El Salvador,SLV,Central America,El Salvador,60.5185129386229,60.7860328258123,47.7248382784515,56.1999552878782,64.9416117084877,64.3892040436155,64.8396642405041,57.4835928478378,52.0268968746384,71.3997545490866,64.675456386162,70.5847016419704,41.6958274917918,40.203001962796,62.4244868288472,105.441951639277,82.8422574998953
59,11,20,Equatorial Guinea,GNQ,Africa,Equatorial Guinea,3.29260786687134,-3.211531228973234,-3.130454591075128,-3.049377953177022,-2.9683013152789157,2.88722467738081,-2.828265541733058,-2.769306406085306,-2.7103472704375537,-2.651388134789802,2.59242899914205,-2.534989960751768,-2.4775509223614858,-2.420111883971204,-2.362672845580922,2.30523380719064,-2.30523380719064
60,13,15,Eritrea,ERI,Africa,Eritrea,9.87646036466625,-9.825102340702932,-9.773744316739615,-9.722386292776296,-9.671028268812979,9.61967024484966,-9.469144930071819,-9.318619615293976,-9.168094300516135,-9.017568985738292,8.86704367096045,-8.702468636105845,-8.537893601251238,-8.373318566396632,-8.208743531542025,8.04416849668742,-8.04416849668742
61,12,2,Estonia,EST,Europe,Estonia,10.2207686017989,9.84387046616116,10.2695243908436,10.7071918095081,6.67368258938884,8.33549712019639,6.74425274791243,7.14247451029409,6.41929011608465,5.24018774844104,5.25485285661308,4.89292400385713,4.75495383166256,3.9347437876449,3.10992681052733,3.19313688445634,-3.19313688445634
62,14,18,Ethiopia,ETH,Africa,Ethiopia,10.6907141113911,-10.433049431851607,-10.175384752312112,-9.91772007277262,-9.660055393233124,9.40239071369363,-9.213700791231437,-9.025010868769243,-8.836320946307048,-8.647631023844854,8.45894110138266,-8.279475360320312,-8.100009619257964,-7.920543878195616,-7.741078137133268,7.56161239607092,-7.56161239607092
63,21,20,Fiji,FJI,Oceania,Fiji,-3.06136943626719,-3.06136943626719,-3.06136943626719,3.06136943626719,2.81051965286416,2.79867659101722,2.65889624382562,2.51553643215478,2.01579434154671,3.40388770926573,2.3257166114309,2.30657627963086,2.28938777192203,2.15979038665932,2.25783072139949,-2.25783072139949,-2.25783072139949
64,12,1,Finland,FIN,Europe,Finland,2.85276237992858,2.99972367929954,2.53195004462562,1.97049876384682,2.82325022867373,2.26281901231943,2.25482561102932,2.43487465303036,2.50004605347993,2.24607806693537,2.21775688986247,2.04110336852567,1.62572187593525,1.63704775176323,1.6118051540034,1.4958137281406,1.41776937618147
65,7,6,France,FRA,Europe,France,1.76318020401253,1.74758491109483,1.85803003386828,1.6300551921494,1.62597334418717,1.59388835269352,1.42711291129021,1.60262229678531,1.63806689046949,1.3064801206607,1.26295600883054,1.35136037549632,1.23193206246656,1.21558355590481,1.23382478298471,1.57779112996235,1.35218684619834
66,22,22,French Polynesia,PYF,Oceania,French Polynesia,-1.16354835706972,-1.16354835706972,-1.16354835706972,-1.16354835706972,-1.16354835706972,-1.16354835706972,1.16354835706972,2.68617082511493,3.41972573799581,0.376532959812637,-0.376532959812637,-0.376532959812637,-0.376532959812637,-0.376532959812637,-0.376532959812637,-0.376532959812637,-0.376532959812637
67,11,21,Gabon,GAB,Africa,Gabon,10.8464534699242,-10.879378196507439,-10.91230292309068,-10.94522764967392,-10.97815237625716,11.0110771028404,-10.552379420720445,-10.093681738600491,-9.634984056480537,-9.176286374360584,8.71758869224063,-8.582638314078489,-8.447687935916345,-8.312737557754204,-8.17778717959206,8.04283680142992,-8.04283680142992
68,7,14,Gambia,GMB,Africa,Gambia,12.3906395383669,-11.875402387927261,-11.360165237487623,-10.844928087047986,-10.329690936608348,9.81445378616871,-9.81479584995723,-9.81513791374575,-9.81547997753427,-9.81582204132279,9.81616410511131,-9.678632843148309,-9.541101581185307,-9.403570319222304,-9.266039057259302,9.1285077952963,-9.1285077952963
69,14,9,Georgia,GEO,Middle East,Georgia,5.06135141471125,5.62908563530117,6.31367732784418,6.59520838456267,6.57353569529147,8.98240896618268,7.27658408757493,7.51616830295169,6.05919022493649,4.8977352872032,4.41906854069832,-3.990595494262543,-3.562122447826765,-3.1336494013909872,2.70517635495521,-1.847396697237872,0.989617039520534
70,10,5,Germany,DEU,Europe,Germany,1.24558588598776,1.13447032524884,1.17017294592497,1.05158141501848,1.06221991062937,1.06402212558708,0.990920409677402,0.930610428686001,0.889919387601357,0.99177907776452,0.980285688379047,0.911854328676287,0.812915583046494,0.839228245213486,0.878639081326392,0.834681746191908,1.17619285124739
71,9,18,Ghana,GHA,Africa,Ghana,-2.22947588523194,2.22947588523194,2.01259533352921,2.13236488754074,2.15376182138872,1.82434238143713,1.86312161051488,1.757692835644,1.84560128831554,1.78632454354283,1.7215984396933,1.68379681134263,-1.68379681134263,-1.68379681134263,-1.68379681134263,-1.68379681134263,-1.68379681134263
72,12,10,Greece,GRC,Europe,Greece,-1.18021551092871,1.18021551092871,0.838028745990723,1.08506490867178,0.984874108245295,1.16801714224431,0.970122861650779,1.14226497261156,1.26098468717991,1.32822688352184,1.53765440430963,1.61081275571105,1.4589229264201,1.35143490588537,0.94986775532756,0.829039562124481,0.750351338615176
73,5,1,Greenland,GRL,Europe,Greenland,23.1419670672007,30.1809079127239,21.2321738207297,8.81709811666784,19.3454212905155,17.5589541886885,14.0422320127784,14.0530855305918,14.0743477419468,17.6279791284727,19.4215897454006,1.76828405715094,14.1668142376483,12.4082674513419,7.0944627718066,7.09509197012966,5.3137221560959
74,4,18,Grenada,GRD,Central America,Grenada,14.7610191007587,5.89107404098224,13.7120470127326,8.79120879120879,5.84476309226933,10.6849022331446,11.6212630376045,10.619195644199,15.394977388627,6.71166679450794,9.55319697736848,3.80680466333571,13.2725324940037,5.66524091436988,7.52162467092892,5.61676792451064,10.2493193520194
75,22,12,Guam,GUM,Oceania,Guam,1.28758956794932,5.11505680909969,1.27246699538731,5.07247295737855,5.69263562704381,4.41913612201866,6.93358882557612,0.629504894400554,0.628792404187757,3.14009206749942,1.88153834575149,2.50504139580907,-2.50504139580907,-2.50504139580907,-2.50504139580907,-2.50504139580907,-2.50504139580907
76,1,16,Guatemala,GTM,Central America,Guatemala,24.9254489606371,27.0860765323382,29.7407257425107,33.8947038665241,35.2193984101649,40.7604504205397,43.9277187861648,42.196199407808,44.9224302720634,45.3891142123669,40.7370480280911,38.0027478910013,33.7566701346652,33.6812511036332,31.387455530513,29.3986824984745,27.2550190750763
77,7,16,Guinea,GIN,Africa,Guinea,10.8573085004949,-10.696296888473661,-10.53528527645242,-10.37427366443118,-10.21326205240994,10.0522504403887,-9.930343774510167,-9.808437108631633,-9.686530442753098,-9.564623776874564,9.44271711099603,-9.319089709205484,-9.195462307414937,-9.071834905624392,-8.948207503833846,8.8245801020433,-8.8245801020433
78,7,15,Guinea-Bissau,GNB,Africa,Guinea-Bissau,13.018312433349,-12.75020385694238,-12.48209528053576,-12.21398670412914,-11.94587812772252,11.6777695513159,-11.43697840279528,-11.19618725427466,-10.955396105754039,-10.71460495723342,10.4738138087128,-10.289022223400297,-10.104230638087792,-9.919439052775289,-9.734647467462784,9.54985588215028,-9.54985588215028
79,4,20,Guyana,GUY,South America,Guyana,10.0889285956079,10.6345785981764,19.0188912119423,27.797839216766,17.4282779797034,18.9094821731523,20.4108585767628,15.3770245858566,21.1707136674376,15.6901030316766,18.7527794298083,17.3541583233213,18.457264792701,20.4463639109805,19.5181250024561,19.3880657997122,18.3707760799041
80,3,12,Haiti,HTI,Central America,Haiti,-5.08533687060716,-5.08533687060716,-5.08533687060716,-5.08533687060716,-5.08533687060716,-5.08533687060716,-5.08533687060716,5.08533687060716,5.13136024632178,6.06929757522427,6.77025930093123,9.00931626386612,10.0396434711703,-10.0396434711703,-10.0396434711703,-10.0396434711703,-10.0396434711703
81,2,16,Honduras,HND,Central America,Honduras,48.6796786712042,52.1136741470009,52.7891173114647,57.9059376120035,50.5125307583001,43.5618158713109,41.3450754408395,46.5492090526535,56.5882577396351,65.7123360349649,76.0972414383892,85.0615450931558,84.3204619613842,74.279968837295,66.8731473947284,57.45004173163,56.5157030911214
82,20,9,Hong Kong,HKG,South-east Asia,Hong Kong,0.570257699454383,0.981805945757304,1.02078692019858,0.766670927587784,0.661512066641608,0.497967049520333,0.510176118626734,0.26093018421526,0.518707846882631,0.67303693741272,0.49820496750209,0.240595033976972,0.379939263190823,0.867306207072714,0.375283391082961,0.303628316984099,0.383242082937146
83,12,6,Hungary,HUN,Europe,Hungary,2.00566458380846,2.49166053969956,1.99648461349631,2.24808705539641,2.06622171389433,1.62594129856198,1.73032798565856,1.53633016812739,1.81159402157959,1.39573059065913,1.3900304597979,1.46491222043918,1.25637254445026,1.56477079105362,1.48777148645185,2.25880717605664,2.07149933788933
84,6,1,Iceland,ISL,Europe,Iceland,1.7829443543067,0.353473049447345,1.40189044927084,0.0,1.03055952511817,1.01702155068666,0.0,0.655307994757536,0.0,0.316369595616383,0.624360030968258,0.927592156280726,0.307195124198989,0.305783279158729,0.608904003239369,0.908421980178233,0.300447727203078
85,17,13,India,IND,Indian,India,4.87573766993708,4.61073458209736,4.46969004548027,4.00089222306261,4.12827662076844,3.94146175783859,3.88122760553552,3.84527603731774,3.84238557268593,3.77378960351468,3.7742265447119,3.81964591242577,3.75894890395628,3.58824934358474,3.66005795372058,3.39061648168244,3.22369940894267
86,19,18,Indonesia,IDN,South-east Asia,Indonesia,1.04188121883784,-0.9417023406703723,-0.8415234625029047,0.741344584335437,0.63457381094921,-0.6211713183849052,-0.6077688258206004,-0.5943663332562957,0.580963840691991,0.547755235953026,0.436245263734033,0.597051345329041,0.585013296516497,0.54992959373618,0.500526952580727,0.57754407983173,0.495067928676664
87,15,11,Iran,IRN,Middle East,Iran,-2.62015537739371,-2.62015537739371,-2.62015537739371,2.62015537739371,2.8944038174529,-2.916709970642224,-2.939016123831548,-2.961322277020872,-2.9836284302101963,3.00593458339952,-2.9120960265182703,-2.81825746963702,-2.72441891275577,2.63058035587452,2.46903843655181,-2.46903843655181,-2.46903843655181
88,15,12,Iraq,IRQ,Middle East,Iraq,-15.7876203690119,-15.7876203690119,-15.7876203690119,-15.7876203690119,-15.7876203690119,-15.7876203690119,-15.7876203690119,-15.7876203690119,15.7876203690119,8.54333410537778,8.74760639516017,8.3020632266098,8.22843853922364,9.85445713495604,-9.85445713495604,-9.85445713495604,-9.85445713495604
89,6,4,Ireland,IRL,Europe,Ireland,0.961344593709792,1.3301637917649,1.30775235596617,0.913682443986945,0.726612346742318,1.23428160182218,1.44073133381513,1.7735039868597,1.1136876894522,1.22590226406635,1.14546844039933,0.900789026845443,1.13293446914645,1.11064430825762,1.10960626688549,0.617007229835406,0.802079598210467
90,13,12,Israel,ISR,Middle East,Israel,2.4444019122207,3.63812559853692,3.6382373941886,3.07109877141875,2.67436430128677,2.51402020605879,2.6942163612654,1.80565777584853,1.91619196298368,1.76117018751647,1.95260975720442,1.99503909087522,1.74046204071772,-1.613179713203595,1.48589738568947,1.36399477862799,-1.36399477862799
91,9,8,Italy,ITA,Europe,Italy,1.33697024146852,1.23290695793737,1.11415286762101,1.2365204438534,1.22062332343796,1.03726532105921,1.05788995571402,1.06383855779504,1.03357201564273,0.989238211629676,0.885654962856317,0.923695876546306,0.887269348891953,0.841321981631695,0.797171561456691,0.788179498957149,0.6730631628183
92,2,13,Jamaica,JAM,Central America,Jamaica,33.3852240837318,42.547453110951,38.7690942426597,35.9445546948934,53.9069333991015,60.9908721366808,48.5458172887596,57.0714766199706,58.0261364915226,60.0196427921865,51.3628731972412,40.0425093824229,38.6836710557439,42.1136493458358,35.1142365693286,42.0622479485949,47.0110584314125
93,22,7,Japan,JPN,South-east Asia,Japan,0.531623214884911,0.545710013472617,0.517581278262664,0.544242996799023,0.545183838174087,0.50102945969848,0.481963380842776,0.446674354186507,0.508749448115755,0.393570155696431,0.36172168413291,0.343954420156308,0.334043509315033,0.288357555887591,0.308201580343787,0.283649243315243,0.283523310660032
94,14,12,Jordan,JOR,Middle East,Jordan,-1.17253585028362,-1.17253585028362,-1.17253585028362,-1.17253585028362,-1.17253585028362,1.17253585028362,1.68513802628546,1.80843768583917,1.84904917268917,1.49535647832407,1.61506128182959,1.86140014518921,2.01437009083308,1.71154235639446,1.99788723424978,1.73594014041681,1.54762769807009
95,16,7,Kazakhstan,KAZ,Central Asia,Kazakhstan,15.4409507162708,14.3617298198248,13.0216220492405,13.0708870773175,13.5903510717204,-13.015993296385851,-12.4416355210513,-11.86727774571675,11.2929199703822,10.9427963620979,8.45784517277176,8.52987076645094,7.48174816896624,6.50888168869681,5.169324246378,4.8057291051631,-4.8057291051631
96,14,19,Kenya,KEN,Africa,Kenya,-3.4203916181617,-3.4203916181617,-3.4203916181617,-3.4203916181617,3.4203916181617,3.00596799492947,2.98488207804966,2.89256585683697,3.10403363446429,4.74058784004972,4.65666970220569,5.34579661245215,5.44019103972497,5.46547449721483,5.00822935734966,4.78657719274509,4.87343584003748
97,22,16,Kiribati,KIR,Oceania,Kiribati,3.55424969788878,4.65885531924806,-5.009151775934107,-5.359448232620154,-5.709744689306201,-6.0600411459922485,-6.410337602678295,-6.760634059364342,7.11093051605039,0.994352080184552,3.89666056189845,10.5106252866534,7.50377533696641,-7.50377533696641,-7.50377533696641,-7.50377533696641,-7.50377533696641
98,21,6,North Korea,PRK,South-east Asia,North Korea,6.63203647752908,-6.314894518707032,-5.997752559884984,-5.680610601062936,-5.363468642240888,5.04632668341884,-4.995988406655006,-4.945650129891172,-4.895311853127338,-4.844973576363504,4.79463529959967,-4.714876514872528,-4.635117730145386,-4.555358945418244,-4.475600160691102,4.39584137596396,-4.39584137596396
99,21,7,Republic of Korea,KOR,South-east Asia,Republic of Korea,-0.858383610590235,-0.858383610590235,-0.858383610590235,-0.858383610590235,-0.858383610590235,-0.858383610590235,-0.858383610590235,-0.858383610590235,-0.858383610590235,-0.858383610590235,-0.858383610590235,0.858383610590235,0.822785859229868,0.681692579688567,0.73830676884409,0.721434238146272,0.701114184271391
100,15,13,Kuwait,KWT,Middle East,Kuwait,-1.84890641926086,1.84890641926086,1.07284475982971,1.33694893500492,1.94751757181698,1.80091301897591,1.8929371570103,2.35678534478971,1.43269716552177,1.73824265086971,2.00127881716417,1.84892062207718,1.79646573344689,-1.79646573344689,-1.79646573344689,-1.79646573344689,-1.79646573344689
101,17,9,Kyrgyzstan,KGZ,Central Asia,Kyrgyzstan,8.7385621366638,7.7781964659583,8.23533914268717,8.39938957785386,8.33675901347558,8.25553948669853,8.23136775293413,8.20853533523967,8.1523381247798,7.84529453651067,19.7700733097187,8.97105128917094,5.38066122427383,3.62433073038357,3.74054084757192,5.18293634143684,4.48538460106653
102,19,13,Laos,LAO,South-east Asia,Laos,10.7333453380216,-10.507912238075404,-10.282479138129208,-10.057046038183012,-9.831612938236816,9.60617983829062,-9.293623201334288,-8.981066564377956,-8.668509927421624,-8.355953290465292,8.04339665350896,-7.836713733956865,-7.630030814404768,-7.4233478948526725,-7.216664975300576,7.00998205574848,-7.00998205574848
103,12,3,Latvia,LVA,Europe,Latvia,9.98253894553351,9.28486604990849,9.17473671935424,8.76061194175494,7.94258520177896,5.59506887929438,5.75223247288025,4.27560747740069,4.55826078868962,5.03423982279476,3.30368200078533,3.29750207049677,3.38757649873643,2.45003880861473,3.1744063488127,3.36233472493844,-3.36233472493844
104,13,11,Lebanon,LBN,Middle East,Lebanon,-4.45142076945362,-4.45142076945362,-4.45142076945362,-4.45142076945362,-4.45142076945362,-4.45142076945362,-4.45142076945362,-4.45142076945362,4.45142076945362,3.46628239539716,3.75823612836198,3.66143256164283,3.94597352048367,4.47299919523921,4.28320631544494,3.94771988415237,3.99310182314494
105,12,25,Lesotho,LSO,Africa,Lesotho,-45.1498698220792,-45.1498698220792,-45.1498698220792,-45.1498698220792,-45.1498698220792,-45.1498698220792,-45.1498698220792,45.1498698220792,37.6013160460616,35.8061003095767,37.440867687208,34.4933498565522,30.6709130649477,31.0764201286413,-36.16226594470575,41.2481117607702,-41.2481117607702
106,7,18,Liberia,LBR,Africa,Liberia,-2.84662498448589,-2.84662498448589,-2.84662498448589,-2.84662498448589,-2.84662498448589,-2.84662498448589,-2.84662498448589,2.84662498448589,4.83211406628405,3.80424858481953,3.26737375336394,3.95561164935001,3.2284578756795,-3.2284578756795,-3.2284578756795,-3.2284578756795,-3.2284578756795
107,11,13,Libya,LBY,Africa,Libya,3.69798495120479,-3.690567508634964,-3.683150066065138,-3.675732623495312,-3.668315180925486,3.66089773835566,-3.550787468246716,-3.440677198137772,-3.330566928028828,-3.220456657919884,3.11034638781094,-2.989052486722198,-2.867758585633456,-2.746464684544714,-2.625170783455972,2.50387688236723,-2.50387688236723
108,9,6,Liechtenstein,LIE,Europe,Liechtenstein,0.0,0.0,0.0,0.0,2.89050757312984,0.0,0.0,0.0,2.81365183872148,0.0,2.77754631558481,0.0,0.0,0.0,2.69345759151022,0.0,0.0
109,12,4,Lithuania,LTU,Europe,Lithuania,10.5658890267531,10.1623178375739,8.50568719856338,10.0751182069101,10.1445734813159,11.123563654892,8.71757508541256,8.49669533764548,9.27012682964462,7.95260750852381,7.01068537292525,6.85091404505564,6.65076190733316,6.60587041684377,5.36827370497993,5.86645092679693,5.2468664376198
110,9,5,Luxembourg,LUX,Europe,Luxembourg,0.917214511250782,2.04453450492733,1.35218580835921,0.670657825906171,0.442655134024908,0.873663840364143,1.50358497617892,1.47454720868213,1.64912750847755,1.00749779861731,1.96893415687286,0.76931805724111,0.0,0.183580218130015,0.719015811157687,-0.719015811157687,-0.719015811157687
111,20,10,Macao,MAC,South-east Asia,Macao,2.33656324258901,1.82614630627669,0.4455374964357,1.73857484673376,0.848440883820869,0.828914184586755,2.02708181302197,1.19089442125508,0.7776835916539,1.14217618829155,0.372460980056577,0.728015302881667,0.711071923147347,0.17365904824422,0.0,0.166405410172696,0.163630342039777
112,12,9,Macedonia,MKD,Europe,Macedonia,2.30978775016353,2.69232764942174,2.92836058660919,3.40893706420392,2.3820554416112,2.13564034263437,2.22960577177077,2.03344730321314,1.69296567923234,1.69156243822776,2.07655334641401,1.44760886380558,1.39823995340486,1.05986349921642,1.58845147641751,-1.58845147641751,-1.58845147641751
113,14,24,Madagascar,MDG,Africa,Madagascar,11.3693949000831,-11.10414196919064,-10.838889038298179,-10.57363610740572,-10.30838317651326,10.0431302456208,-9.869952901173914,-9.696775556727028,-9.523598212280142,-9.350420867833256,9.17724352338637,-8.879147744150318,-8.581051964914266,-8.282956185678215,-7.984860406442162,7.68676462720611,-7.68676462720611
114,13,22,Malawi,MWI,Africa,Malawi,6.15321217013948,7.69502857548862,4.71960745518183,2.43177118783998,3.24233802391567,1.53377632372374,6.11351539645291,4.98520009690073,5.46553998063517,2.17471053583372,3.42847460242057,2.1948322514666,1.73320937883702,-1.73320937883702,-1.73320937883702,-1.73320937883702,-1.73320937883702
115,19,16,Malaysia,MYS,South-east Asia,Malaysia,2.37647423349864,2.18153520750978,2.33482545898639,2.28849607855058,1.97425060803542,2.35391382796935,2.24911934355091,2.44874857492786,2.20205260072924,2.03221234061487,1.92086812994844,1.85087351451686,2.06373187995416,2.11063326942412,-2.11063326942412,-2.11063326942412,-2.11063326942412
116,17,15,Maldives,MDV,Indian,Maldives,-2.43879495657203,2.43879495657203,2.71793599940205,1.3235873187099,-1.2158582814566223,-1.1081292442033446,-1.0004002069500668,0.892671169696789,1.44904855471897,1.69251990826542,1.64604086022095,0.799720630926263,2.58931183859266,0.754912593703526,-0.754912593703526,-0.754912593703526,-0.754912593703526
117,9,14,Mali,MLI,Africa,Mali,12.8839235068643,-12.84405346963516,-12.80418343240602,-12.76431339517688,-12.72444335794774,12.6845733207186,-12.58364369833086,-12.48271407594312,-12.381784453555381,-12.280854831167641,12.1799252087799,-11.92457536241798,-11.669225516056061,-11.41387566969414,-11.15852582333222,10.9031759769703,-10.9031759769703
118,9,9,Malta,MLT,Europe,Malta,1.0083999717648,1.50317545815535,1.49512961527823,0.0,1.72836518874982,0.983315592681182,0.0,0.974839395209639,1.45585837409737,0.966078566339408,0.961284275792459,0.717073765378245,2.85178557424267,1.65388450215714,1.40987381629344,0.935418693407169,-0.935418693407169
119,7,12,Mauritania,MRT,Africa,Mauritania,13.701140606542,-13.4382801760651,-13.175419745588199,-12.9125593151113,-12.6496988846344,12.3868384541575,-12.0832293556852,-11.7796202572129,-11.4760111587406,-11.1724020602683,10.868792961796,-10.683371521758907,-10.497950081721816,-10.312528641684723,-10.127107201647632,9.94168576161054,-9.94168576161054
120,15,25,Mauritius,MUS,Africa,Mauritius,2.19382438435803,-2.5378237431244766,-2.8818231018909235,3.22582246065737,2.87905422246205,3.02781580732617,4.0713363265798,3.64694050057095,3.8731760770052,3.05460344816499,2.64432611752828,2.71777577230794,2.31376025135415,2.7882003361773,1.51127210136022,1.66738655419483,1.82194496268657
121,1,10,Mexico,MEX,Central America,Mexico,10.5554802560169,9.9789391505733,9.66694573807667,9.54842554489993,8.71905151449102,9.14611987134624,9.49384525057675,7.92854945386002,12.3225207510115,17.1446785075391,21.9546816400261,22.8507818585667,21.4908249935175,18.8214123479123,16.1083096659518,16.4920513864742,19.2639600963009
122,22,14,Micronesia,FSM,Oceania,Micronesia,3.96233683911684,-4.08586322774381,-4.20938961637078,-4.33291600499775,-4.45644239362472,4.57996878225169,-4.562150952685232,-4.544333123118774,-4.5265152935523165,-4.508697463985858,4.4908796344194,-4.5276327931693725,-4.564385951919344,-4.601139110669316,-4.637892269419288,4.67464542816926,-4.67464542816926
123,14,6,Moldova,MDA,Europe,Moldova,10.3068513901991,9.81960360816676,9.6010741710514,7.64686169440073,6.6485260313796,7.11932249063725,6.32128027639919,5.25595660953498,5.74008133403382,6.0058007246023,6.53693823034065,7.45579010773617,5.62142110016366,4.15033138799852,3.19415106712902,-3.19415106712902,-3.19415106712902
124,8,7,Monaco,MCO,Europe,Monaco,-3.0902348578492,3.0902348578492,-3.060736908494693,-3.0312389591401865,3.00174100978568,2.95919273222265,2.90630086026505,0.0,0.0,0.0,0.0,0.0,0.0,0.0,-0.0,0.0,-0.0
125,19,6,Mongolia,MNG,South-east Asia,Mongolia,-13.8906550314544,-13.8906550314544,-13.8906550314544,13.8906550314544,13.3369005203394,15.7533547125092,13.1352003039861,11.3054516971682,8.06656898000899,8.20750675807606,8.81057268722467,9.63239032473467,7.07121602884772,7.14508033335808,7.28480082738921,6.18097422231419,5.65592151830071
126,11,9,Montenegro,MNE,Europe,Montenegro,-4.40182463782765,-4.40182463782765,4.40182463782765,3.25681447719171,2.27588617317868,3.5691804512742,4.04640743762058,1.93709603476442,3.86345892257789,3.37158747182316,2.40274874456378,3.35749665049739,2.71398147468175,1.59465726031504,3.18636744552108,2.70623931433447,4.45561743559485
127,8,12,Morocco,MAR,Africa,Morocco,1.59794126931512,1.86074678245012,1.56544537530841,1.70888981571031,1.55735962598186,1.53664337456059,1.61325089297324,1.65567786542196,1.34823544938254,1.35042635492074,1.39156131914953,1.3421052847815,1.14898429338471,1.26830134449699,1.03444009487477,1.23838753093742,-1.23838753093742
128,13,23,Mozambique,MOZ,Africa,Mozambique,-5.91755511583937,5.91755511583937,5.43374390493289,5.29503112048032,5.56302077935952,5.20478113393493,4.14898032311275,3.82632590643024,4.35510368692136,3.49854529806352,3.61250720179114,3.4043058253527,-3.4043058253527,-3.4043058253527,-3.4043058253527,-3.4043058253527,-3.4043058253527
129,18,14,Myanmar,MMR,South-east Asia,Myanmar,2.25835679876687,1.96448511166918,1.72676326075695,1.60420304557528,1.54554338819763,1.39431425871551,1.59069823545503,1.52323742414979,1.59863371991032,1.76503578564875,1.59702061747636,2.08691739967085,2.81643102723202,2.40630400335125,2.3688384729874,2.19831935813502,2.2653098527122
130,11,24,Namibia,NAM,Africa,Namibia,20.0078241122713,18.2561403726528,17.6337450761844,-17.57645582082565,17.5191665654669,-17.340905990505725,-17.16264541554455,-16.984384840583374,16.8061242656222,18.1559540298731,14.4489386472296,13.9012944903483,17.1383088022884,-17.1383088022884,-17.1383088022884,-17.1383088022884,-17.1383088022884
131,17,12,Nepal,NPL,Indian,Nepal,2.67470780712669,3.50967563354301,3.49258347050611,3.03399237766528,3.6982235369881,3.42429864377103,2.35152454733345,3.20810569674505,3.36910692869304,3.01408659171613,3.00853302116627,2.48470870376626,2.32188694906044,2.16542178735915,1.9701135191414,-2.0669463529413052,2.16377918674121
132,9,4,Netherlands,NLD,Europe,Netherlands,1.13021395954889,1.26107230851273,1.21040163298698,1.24684038609832,1.17270133040817,1.06310454142375,0.77857829413739,0.866296206906913,0.905319621885414,0.926208488568482,0.863158403293621,0.854394353301744,0.863655843272076,0.742293552871699,0.728269331287706,0.613985926379899,0.553362904105035
133,21,21,New Caledonia,NCL,Oceania,New Caledonia,-3.38359379956436,-3.38359379956436,-3.38359379956436,-3.38359379956436,-3.38359379956436,-3.38359379956436,3.38359379956436,4.99731394375523,4.51215410236847,3.23345984244967,-3.23345984244967,-3.23345984244967,-3.23345984244967,-3.23345984244967,-3.23345984244967,-3.23345984244967,-3.23345984244967
134,21,25,New Zealand,NZL,Oceania,New Zealand,1.34749970134742,1.30503772710535,1.51392584690273,1.09396432532609,1.102822785201,1.47508496852145,1.17059177236433,1.13390710607772,1.19205530201656,1.54967685768092,0.983967733180903,0.882679452693474,0.917689312030706,1.01825622735625,0.98539426719513,-0.98539426719513,-0.98539426719513
135,2,17,Nicaragua,NIC,Central America,Nicaragua,9.469252382631,10.527863549478,10.7120745189138,12.1162881264765,12.1664055409502,13.5518785989625,13.2471935490204,12.9298495899934,13.1557638869276,14.1531551388747,13.6813854555196,12.7070053823982,11.4512103572029,9.99033426750247,8.72963521598032,8.61553739825568,7.36712463727482
136,10,14,Niger,NER,Africa,Niger,-4.86972004559605,-4.86972004559605,-4.86972004559605,-4.86972004559605,-4.86972004559605,-4.86972004559605,-4.86972004559605,-4.86972004559605,-4.86972004559605,-4.86972004559605,-4.86972004559605,4.86972004559605,4.44403488138769,-4.44403488138769,-4.44403488138769,-4.44403488138769,-4.44403488138769
137,11,18,Nigeria,NGA,Africa,Nigeria,12.7539390354432,-12.567270855362219,-12.380602675281239,-12.19393449520026,-12.00726631511928,11.8205981350383,-11.6000207991395,-11.3794434632407,-11.1588661273419,-10.9382887914431,10.7177114555443,-10.543839136096603,-10.369966816648905,-10.196094497201205,-10.022222177753507,9.84834985830581,-9.84834985830581
138,10,1,Norway,NOR,Europe,Norway,1.06681673222033,0.818014898925416,1.01187434544378,1.11594785766457,0.782912670006224,0.712379251716834,0.706173885689707,0.635640624046539,0.712577773148351,0.600764835784039,0.593547362418792,2.24351427309632,0.538706350569742,0.906028853867591,0.56416819916149,0.461553018210574,0.514305228495527
139,16,16,Oman,OMN,Middle East,Oman,-1.19951077096413,-1.19951077096413,1.19951077096413,1.46734835478806,1.7179663695812,2.11048676983629,4.6844917384536,1.38953462607623,1.70350712247201,1.28341118204945,1.5781894221854,1.05026831266364,1.12565677743514,2.61351196463083,0.656412327928451,-0.656412327928451,-0.656412327928451
140,16,12,Pakistan,PAK,Indian,Pakistan,6.42924400760493,6.77464876292181,6.54388447069919,6.32754556545384,6.37616452547183,6.35567615125826,6.39617073072934,6.58379853915764,7.36901784655862,7.47742077531713,7.73334071606467,7.95709072802873,7.78251964137704,7.66980406614082,7.15508909457548,5.0089630922058,4.40839526553216
141,21,14,Palau,PLW,Oceania,Palau,-3.11242942480008,-3.11242942480008,-3.11242942480008,-3.11242942480008,-3.11242942480008,-3.11242942480008,-3.11242942480008,-3.11242942480008,-3.11242942480008,-3.11242942480008,-3.11242942480008,-3.11242942480008,3.11242942480008,-3.11242942480008,-3.11242942480008,-3.11242942480008,-3.11242942480008
142,2,19,Panama,PAN,Central America,Panama,9.86685683190737,9.90392544998129,11.9392937717213,10.5011445312719,9.4202825411885,10.9294047527898,6.51551266913431,8.07804257736463,14.020546784261,15.7010212648262,12.6261863811758,14.8066957550363,16.8833943202883,17.2725430133215,14.5492325023707,11.2615761822954,9.6695905855676
143,20,18,Papua New Guinea,PNG,South-east Asia,Papua New Guinea,8.34496543748616,-8.5254267789585,-8.705888120430844,-8.886349461903185,-9.066810803375526,-9.24727214484787,9.42773348632021,7.84559625173622,-7.84559625173622,-7.84559625173622,-7.84559625173622,-7.84559625173622,-7.84559625173622,-7.84559625173622,-7.84559625173622,-7.84559625173622,-7.84559625173622
144,4,23,Paraguay,PRY,South America,Paraguay,18.7640258736116,24.3035210142226,24.9064600858547,22.9138990183579,21.1966183591819,15.3049938452184,12.6130499850751,13.1240216695532,13.7751593031853,13.3978759552514,11.9326034960113,10.4388727733384,10.1736591893146,9.34154481930916,8.82094758342663,9.29340172995845,-9.29340172995845
145,2,22,Peru,PER,South America,Peru,-5.43346975027444,-5.43346975027444,-5.43346975027444,-5.43346975027444,-5.43346975027444,-5.43346975027444,-5.43346975027444,-5.43346975027444,-5.43346975027444,-5.43346975027444,-5.43346975027444,5.43346975027444,6.52542265540536,6.58581006248962,6.70253534699536,7.16137158081557,7.66596452728077
146,20,12,Philippines,PHL,South-east Asia,Philippines,7.35335892524486,7.34573132611099,8.05511255646139,7.75123273625477,7.49186691359753,7.45761449040691,7.06074595482747,6.67685852574471,6.41309141595152,9.85460136418782,9.49250023131101,9.10389120503655,8.75843306305591,9.2941755525064,9.74603477690097,9.4802842874075,11.0198282378041
147,11,4,Poland,POL,Europe,Poland,2.2178703541939,2.01432846870412,1.8604906415242,1.7222170104779,1.6486063962907,1.4467190575337,1.27800406853899,1.36969915014733,1.20023934859984,1.28637096485911,1.13768605407213,1.17168294405668,0.983887113020496,0.772655290727085,0.73642586933507,0.750028237125791,0.670146170293168
148,6,8,Portugal,PRT,Europe,Portugal,1.12021911485887,1.00968217897492,1.13944640905858,1.42079140369709,1.3677463377642,1.27771663141273,1.46227091049761,1.7403378324986,1.16408981929289,1.21944172832039,1.16406555904577,1.07290785321491,1.15292065515,1.36782350973254,0.878603036452094,0.959833557182516,0.635932841791934
149,5,12,Puerto Rico,PRI,Central America,Puerto Rico,18.3040350257587,19.6583758497247,20.5741369663237,20.7801507577494,21.1049849868617,20.4759176915912,19.9195070827429,19.4913140830351,21.8160131142345,24.1792798331657,27.3630348269281,31.4001894801812,27.1529239696493,24.4529068731916,19.0180440485069,16.8493693599526,18.5058713760721
150,15,15,Qatar,QAT,Middle East,Qatar,0.168842768548644,0.810522527663134,-0.7599774860193383,-0.7094324443755426,0.658887402731747,0.693751495901663,0.494862339194483,0.756535839204192,0.863718220567722,0.502897949433611,0.224760012496657,0.204912364104682,0.331821491414356,0.399915928784749,0.379040093597634,-0.379040093597634,-0.379040093597634
151,13,6,Romania,ROM,Europe,Romania,2.62561749462042,2.71559467770736,2.57610774005526,2.53579112702293,2.38986652132326,2.11375866512734,2.06176618422907,1.97755183931098,2.2573272361804,1.92550619108442,1.97648308025299,1.65081823668269,1.87395380208123,1.67429058538929,1.49203394066792,1.46403153735235,1.24880125191567
152,16,4,Russian Federation,RUS,Central Asia,Russian Federation,28.0676082218734,29.4352707416714,30.4776582965232,28.8854916490297,27.2526690291154,24.8130137558833,20.1251812227426,17.7275409199385,16.5903489415566,14.9350667729427,-13.94560789121565,-12.956149009488598,-11.966690127761549,10.9772312460345,11.310409114192,11.4804567029785,10.8161823951361
153,13,20,Rwanda,RWA,Africa,Rwanda,-3.46491313821202,-3.46491313821202,-3.46491313821202,-3.46491313821202,-3.46491313821202,-3.46491313821202,3.46491313821202,2.83675871948711,1.48328691022993,-2.161593133269465,2.839899356309,-2.60635939195818,2.37281942760736,3.24442025237613,3.77246833219968,2.51944335263789,-2.51944335263789
154,22,20,Samoa,WSM,Oceania,Samoa,-8.65679071126357,-8.65679071126357,-8.65679071126357,-8.65679071126357,-8.65679071126357,-8.65679071126357,-8.65679071126357,-8.65679071126357,-8.65679071126357,8.65679071126357,8.59268011063076,-6.77690772331148,-4.9611353359922,3.14536294867292,-3.14536294867292,-3.14536294867292,-3.14536294867292
155,9,7,San Marino,SMR,Europe,San Marino,0.0,0.0,3.55606130649692,0.0,0.0,0.0,0.0,0.0,0.0,0.0,0.0,0.0,-0.0,-0.0,-0.0,-0.0,-0.0
156,10,20,Sao Tome and Principe,STP,Africa,Sao Tome and Principe,-2.5105442860012,-2.5105442860012,-2.5105442860012,-2.5105442860012,-2.5105442860012,-2.5105442860012,2.5105442860012,2.45246810258674,8.38760312258482,2.92717767383045,3.43296562457088,3.35570469798658,-3.35570469798658,-3.35570469798658,-3.35570469798658,-3.35570469798658,-3.35570469798658
157,14,14,Saudi Arabia,SAU,Middle East,Saudi Arabia,0.833160280003498,1.07493609528384,1.30099512889164,1.10833166159974,1.29580018675021,1.24238391470068,1.03750051722452,1.04939818202259,-1.1051858289361336,-1.1609734758496775,-1.2167611227632213,-1.272548769676765,-1.3283364165903087,-1.3841240635038525,-1.4399117104173964,1.49569935733094,-1.49569935733094
158,7,13,Senegal,SEN,Africa,Senegal,9.95321792264954,-9.82376921553165,-9.69432050841376,-9.564871801295869,-9.43542309417798,9.30597438706009,-9.14671942666255,-8.98746446626501,-8.82820950586747,-8.66895454546993,8.50969958507239,-8.282876710770221,-8.056053836468054,-7.8292309621658855,-7.602408087863718,7.37558521356155,-7.37558521356155
159,12,7,Serbia,SRB,Europe,Serbia,2.40313292645201,2.58142154103855,2.13841877831066,1.89188948054627,1.77137528821302,1.59522759991171,1.70058961404138,1.87187733095251,1.53853728183541,1.69888742730637,1.43969090500742,1.50104305814285,1.23925642827988,1.59188988157797,1.35063466322825,1.17497130358547,1.3942721396133
160,15,23,Seychelles,SYC,Africa,Seychelles,-11.4306616066938,-11.4306616066938,-11.4306616066938,-11.4306616066938,11.4306616066938,-10.734347299181099,10.0380329916684,8.86122218406974,6.61623624374214,15.3788694333985,9.84628849625294,17.422741032733,4.33439887305629,19.403869994071,17.1574409676797,7.46730387659747,12.7368794220853
161,7,17,Sierra Leone,SLE,Africa,Sierra Leone,-2.05893896624719,-2.05893896624719,-2.05893896624719,-2.05893896624719,2.05893896624719,1.74961769086164,1.72688183956344,2.22760949074686,2.98441034863752,2.50385879504173,2.523719870191,2.82832291643349,1.67008985822415,-1.6845303197759334,-1.6989707813277166,1.7134112428795,-1.7134112428795
162,19,17,Singapore,SGP,South-east Asia,Singapore,0.945334137293176,0.74649539076421,0.532531888977752,0.56479957263499,0.480544800505259,0.467597497418194,0.368611555191666,0.380346402599203,0.556573764885514,0.402777716242293,0.374439424766448,0.30911799555527,0.2086907161848,0.317114659520519,0.256958906030495,0.252923890504189,0.320557936074194
163,12,5,Slovakia,SVK,Europe,Slovakia,2.38923798310531,2.18518275720434,2.24067683995679,2.53709059783855,2.00021520834001,1.72255301619959,1.51892891060751,1.51898940523414,1.5929300577752,1.44425214494589,1.51731197451508,1.62666337883493,1.16299032502811,1.30872439923099,1.27005373431691,0.808924942428444,1.04745985472283
164,10,7,Slovenia,SVN,Europe,Slovenia,1.8104107671163,1.40820348942766,1.81062474600958,1.05582551729166,1.35580964432594,1.0018629641819,0.598864851673653,1.19193122159541,0.493939851956348,0.638687565833949,0.733436079578792,0.779181820129773,0.679483010498013,0.580799073044679,0.820920928413281,0.963953907579955,0.481639841093531
165,21,17,Solomon Islands,SLB,Oceania,Solomon Islands,-4.36372522495004,-4.36372522495004,-4.36372522495004,-4.36372522495004,4.36372522495004,5.53326877853092,4.77751328356411,5.27447559540715,3.76627675790968,-3.76627675790968,-3.76627675790968,-3.76627675790968,-3.76627675790968,-3.76627675790968,-3.76627675790968,-3.76627675790968,-3.76627675790968
166,15,18,Somalia,SOM,Africa,Somalia,5.43282495582579,-5.339139713166024,-5.2454544705062585,-5.151769227846492,-5.058083985186726,4.96439874252696,-5.027560381071322,-5.090722019615684,-5.153883658160046,-5.217045296704407,5.28020693524877,-5.08585693720756,-4.89150693916635,-4.69715694112514,-4.50280694308393,4.30845694504272,-4.30845694504272
167,11,25,South Africa,ZAF,Africa,South Africa,47.5810228301655,46.1463775600245,45.831924277572,41.6044693072283,38.9513257658781,37.951203617261,38.7038626195599,36.8832225657329,35.8723195364354,32.8952931459723,30.8095450773808,29.7607225660057,30.5915974940514,31.6604508799348,32.6460213630943,33.7720858960893,33.9709570254924
168,7,8,Spain,ESP,Europe,Spain,1.35195557195287,1.3939857078535,1.34332026851162,1.37620897144767,1.19949248550252,1.17613316116076,1.06426906224391,1.06181765823914,0.884824810992072,0.886477669627502,0.857045825022019,0.820735610191771,0.77682493891467,0.646714828933328,0.694297754041345,0.650894838153921,0.633484517789215
169,17,14,Sri Lanka,LKA,Indian,Sri Lanka,-6.81748150055578,-6.81748150055578,-6.81748150055578,6.81748150055578,7.10799999463158,6.2434191852128,10.3913793035956,-10.214282007333551,10.0371847110715,5.47444728256706,3.77753572283839,3.60324581564465,3.30974163206983,3.01550627890276,2.68139881157301,2.35106237122261,2.54954291025032
170,5,14,Saint Kitts and Nevis,KNA,Central America,Saint Kitts and Nevis,6.61171596068233,13.0463144161774,10.7201818142836,21.1389675728237,22.9305205228159,16.4571804735554,34.5458240195082,32.1394853664906,45.6965747437018,53.0597806862398,40.8202935173486,65.377071876322,34.2263885455686,-34.2263885455686,-34.2263885455686,-34.2263885455686,-34.2263885455686
171,4,17,Saint Lucia,LCA,Central America,Saint Lucia,14.6544418887664,21.4559773828756,26.2889404931054,22.3639989314978,22.8041737801308,25.0436737236889,25.9964814064701,17.3353737267467,23.0469211677107,22.8040836851399,25.4954224127941,26.462331446454,22.3067463608545,18.7862916998748,19.2720821217429,-19.2720821217429,-19.2720821217429
172,5,18,Saint Vincent and the Grenadines,VCT,Central America,Saint Vincent and the Grenadines,18.5360247641291,11.1123458162018,18.4935180219333,16.6128287955699,26.7135843182048,23.9093651143971,18.3642924697219,36.6814309426211,14.6567123162186,21.052053490522,22.8696885148424,19.2059703130573,25.6110054148983,-28.3222962482522,-31.0335870816061,-33.74487791496,36.4561687483139
173,12,15,South Sudan,SSD,Africa,South Sudan,-13.9024231073062,-13.9024231073062,-13.9024231073062,-13.9024231073062,-13.9024231073062,-13.9024231073062,-13.9024231073062,-13.9024231073062,-13.9024231073062,-13.9024231073062,-13.9024231073062,-13.9024231073062,13.9024231073062,-13.9024231073062,-13.9024231073062,-13.9024231073062,-13.9024231073062
174,12,14,Sudan,SDN,Africa,Sudan,-4.68055071031307,-4.68055071031307,-4.68055071031307,-4.68055071031307,-4.68055071031307,-4.68055071031307,-4.68055071031307,4.68055071031307,5.16454068844845,-5.16454068844845,-5.16454068844845,-5.16454068844845,-5.16454068844845,-5.16454068844845,-5.16454068844845,-5.16454068844845,-5.16454068844845
175,5,20,Suriname,SUR,South America,Suriname,14.3948855818286,16.5361912337255,11.8001672725466,12.2867229671617,9.31872049915929,13.8291518521042,12.2940986343636,8.82863617190336,8.34711578031944,-8.34711578031944,-8.34711578031944,-8.34711578031944,-8.34711578031944,-8.34711578031944,-8.34711578031944,-8.34711578031944,-8.34711578031944
176,13,24,Swaziland,SWZ,Africa,Swaziland,-18.8270031418727,18.8270031418727,12.9518100154497,13.2426944468968,13.3326880068819,13.7447970969542,10.7986156353245,14.932793644603,18.7247011598097,15.8383975268385,17.292364838969,-17.292364838969,-17.292364838969,-17.292364838969,-17.292364838969,-17.292364838969,-17.292364838969
177,11,1,Sweden,SWE,Europe,Sweden,1.08088145882968,0.977770555012912,1.13219890739442,0.949569800194874,1.19012675294826,0.918281468316579,1.00041071807063,1.21136152342571,0.887744684628701,0.998552849966468,0.969098742429315,0.855703825904627,0.712720499214593,0.904812949682936,0.897890638158742,1.14712197849863,1.07776286849882
178,8,6,Switzerland,CHE,Europe,Switzerland,0.962712337367889,1.1939991822494,1.18720349247658,1.00111178263312,1.06162212866942,1.01210368044081,0.801988182169477,0.674571230621619,0.706241197324706,0.659156504562849,0.663945257202817,0.580044867731486,0.560281983697039,0.700876489085877,0.498199858098099,0.685115175673748,0.536357442139488
179,14,11,Syria,SYR,Middle East,Syria,2.1753903271787,2.24251365741512,2.15357052923001,2.32554587452181,2.39236626251401,2.35041892937762,2.35791986424303,2.71484371617587,2.60264930018991,2.28572602990085,2.20278632011652,-2.20278632011652,-2.20278632011652,-2.20278632011652,-2.20278632011652,-2.20278632011652,-2.20278632011652
180,17,10,Tajikistan,TJK,Central Asia,Tajikistan,4.5526169101566,3.68255724361381,2.79169835761284,2.4935847211374,2.11534877706771,2.29057438851877,2.77120806244417,1.84553823654627,1.36803995990001,1.29803759464802,2.36860460399156,1.61208830815042,-1.61208830815042,-1.61208830815042,-1.61208830815042,-1.61208830815042,-1.61208830815042
181,14,21,Tanzania,TZA,Africa,Tanzania,-7.47797953068653,-7.47797953068653,-7.47797953068653,7.47797953068653,7.64967640247902,-7.7804132119105285,-7.911150021342037,-8.041886830773546,-8.172623640205053,-8.30336044963656,8.43409725906807,8.72171816292237,8.33689923213124,7.30104383993434,7.47010584060238,6.95249255674053,-6.95249255674053
182,19,14,Thailand,THA,South-east Asia,Thailand,8.16734693741406,7.90012206160704,7.08252834213088,9.96670247698426,6.57362052696314,7.34576304916113,7.12048541930589,6.699839558859,5.97183051181623,5.53662773797867,5.43678739250962,4.89707335081393,4.89800281318995,4.24694721319037,3.8718576199415,3.47667264803896,3.2394372444387
183,19,19,Timor-Leste,TMP,South-east Asia,Timor-Leste,-2.307619760449,-2.307619760449,-2.307619760449,-2.307619760449,2.307619760449,4.48131680571738,4.67280361541491,5.8217438376372,3.24642197920435,2.93034657758413,3.51480860965887,-3.601547260900814,-3.688285912142758,-3.7750245633847017,-3.861763214626646,3.94850186586859,-3.94850186586859
184,10,18,Togo,TGO,Africa,Togo,10.5055398463534,-10.53864073517282,-10.57174162399224,-10.60484251281166,-10.63794340163108,10.6710442904505,-10.457651167103636,-10.244258043756771,-10.030864920409908,-9.817471797063043,9.60407867371618,-9.483246492385858,-9.362414311055536,-9.241582129725213,-9.120749948394892,8.99991776706457,-8.99991776706457
185,22,21,Tonga,TON,Oceania,Tonga,1.01955506616912,6.08451389804383,6.04936280045169,6.01268676908277,1.99191283389439,3.95878900644293,7.86712427106177,0.97697275222994,3.88330663560021,7.72170958650245,0.960273485888781,1.91246641230863,0.95282560432964,-0.95282560432964,-0.95282560432964,-0.95282560432964,-0.95282560432964
186,4,19,Trinidad and Tobago,TTO,Central America,Trinidad and Tobago,9.46384181503868,11.867523852937,13.3819884695779,17.8341687096784,20.1466833522531,29.7625014071649,28.4696088843597,29.8641980966347,41.5851941504,38.3620683132342,35.614788043069,26.3712289891728,28.3246421405081,30.2614949178489,29.9004867503929,30.8802639821424,-30.8802639821424
187,10,12,Tunisia,TUN,Africa,Tunisia,-1.94657383539233,-1.94657383539233,-1.94657383539233,-1.94657383539233,1.94657383539233,2.57362497651567,2.44210159613406,2.65097779810949,2.69040991854207,2.42353186716308,2.68798735630898,-2.86879447119787,3.04960158608676,-3.04960158608676,-3.04960158608676,-3.04960158608676,-3.04960158608676
188,13,10,Turkey,TUR,Middle East,Turkey,-4.29290387831105,-4.29290387831105,-4.29290387831105,4.29290387831105,4.34874388980217,4.86720798659201,4.60710169893419,5.17117902924972,4.62379119873199,5.1752763926305,4.23632065927768,4.16976260074401,4.31273398945448,-4.31273398945448,-4.31273398945448,-4.31273398945448,-4.31273398945448
189,16,10,Turkmenistan,TKM,Central Asia,Turkmenistan,5.91214028113888,5.43373472857619,5.22776345867095,5.00457392281916,4.44359588535778,4.33260891831791,4.22028209363413,-4.22028209363413,-4.22028209363413,-4.22028209363413,-4.22028209363413,-4.22028209363413,-4.22028209363413,-4.22028209363413,-4.22028209363413,-4.22028209363413,-4.22028209363413
190,4,11,Turks and Caicos Islands,TCA,Central America,Turks and Caicos Islands,0.0,0.0,9.19878576027964,0.0,-0.0,0.0,-3.491620111731845,6.98324022346369,6.78403039245616,6.61266325012399,-7.979915463447767,-9.347167676771544,-10.714419890095323,12.0816721034191,5.92785796852307,-5.92785796852307,-5.92785796852307
191,21,18,Tuvalu,TUV,Oceania,Tuvalu,-0.0,-0.0,0.0,0.0,0.0,0.0,0.0,0.0,0.0,0.0,9.49577438040072,9.40910801656003,18.6480186480187,-18.6480186480187,-18.6480186480187,-18.6480186480187,-18.6480186480187
192,13,19,Uganda,UGA,Africa,Uganda,-8.02258944849205,-8.02258944849205,-8.02258944849205,8.02258944849205,7.43241292324309,8.73039951737567,9.12331507158791,8.64647888737437,8.82077177110486,9.8651603759868,9.31737463627225,10.6942430151462,11.1990052771388,10.2706186864121,11.5184535514305,-11.5184535514305,-11.5184535514305
193,13,5,Ukraine,UKR,Europe,Ukraine,9.0458503400302,10.0283278569036,8.95380686021674,8.4929645320056,7.38521372198548,6.4616341114399,6.34540783499983,5.70426367840284,5.33923059218909,4.87019791962539,4.34132217412628,-4.74622267250035,5.15112317087442,-5.74488292913321,6.338642687392,-6.338642687392,-6.338642687392
194,16,15,United Arab Emirates,ARE,Middle East,United Arab Emirates,-1.20258732654682,-1.20258732654682,-1.20258732654682,1.20258732654682,0.660480815356228,1.22282436617301,0.743986301495298,-0.7605122744379127,-0.7770382473805275,-0.7935642203231423,0.810090193265757,0.588067420200116,0.775241439958168,0.632892910189276,0.672482575259895,0.655429545584142,0.893811105450068
195,7,4,United Kingdom,GBR,Europe,United Kingdom,1.55214052221946,1.63315423469708,1.86523930759149,1.55420703199125,1.58639698318726,1.38338846374114,1.41440852371258,1.42148470739722,1.22752317670884,1.12559096913813,1.1941836998569,1.00451511522572,0.975870474128304,0.932842892085238,0.907473313440083,0.992399049009528,1.2024106683055
196,2,7,United States,USA,North America,United States,5.52728791117875,6.68170624553403,5.64473513216887,5.69876750774609,5.51994165406631,5.67208630220942,5.81175625787713,5.69802891879419,5.43388568542347,5.03109743574383,4.76993703025399,4.71336932500857,4.7412449756758,4.5379827731975,4.45803047732347,4.96453649323784,5.35332509511324
197,4,24,Uruguay,URY,South America,Uruguay,6.44336686995389,6.55224680450229,6.94157924834416,5.92367717823683,6.01667340534088,5.71323413555159,6.06416668893197,5.80883367901882,6.59539265565723,6.72067991869762,6.07512709610407,5.87779387197161,7.86039236605759,7.62909678829697,7.83729769975312,8.53841060837778,7.69427045714884
198,16,9,Uzbekistan,UZB,Central Asia,Uzbekistan,4.29797351353701,4.29163642637777,4.14708820315684,3.72812788090308,3.67732420459898,3.43238414458801,3.20190248790055,2.98618203802344,2.9982870796738,-2.9982870796738,-2.9982870796738,-2.9982870796738,-2.9982870796738,-2.9982870796738,-2.9982870796738,-2.9982870796738,-2.9982870796738
199,21,19,Vanuatu,VUT,Oceania,Vanuatu,2.91391032783431,-2.8261051988868298,-2.73830006993935,-2.65049494099187,-2.56268981204439,2.47488468309691,-2.441942726396696,-2.409000769696482,-2.376058812996268,-2.343116856296054,2.31017489959584,-2.273924679108726,-2.237674458621612,-2.201424238134498,-2.165174017647384,2.12892379716027,-2.12892379716027
200,3,20,Venezuela,VEN,South America,Venezuela,32.7584474897033,31.9057564878913,37.8492406144352,43.8447916025202,36.9161580835048,37.2010905997765,44.9977033072376,47.5083656938032,51.8412159947261,48.9202854006302,45.0598908992559,47.8493729705891,53.7649516209103,-57.8372646415379,61.9095776621655,-59.121448787478656,56.3333199127918
201,19,12,Viet Nam,VNM,South-east Asia,Viet Nam,-1.23736874817437,1.23736874817437,1.30191022319939,1.27979446718386,1.27263204898381,1.24897930339288,1.23157026489701,1.3598854063688,1.25940225378337,1.40809029757607,1.51007354691138,1.5183932885496,-1.5183932885496,-1.5183932885496,-1.5183932885496,-1.5183932885496,-1.5183932885496
202,5,13,United States Virgin Islands,VIR,Central America,United States Virgin Islands,21.1548720590129,25.7613395896587,37.7681770866918,28.6104548139397,34.2320004440908,34.3250489363873,40.0104213190412,40.1340289898358,43.0719676398434,46.9620265053678,52.7560316159361,42.5158017063008,49.2624837765378,-49.2624837765378,-49.2624837765378,-49.2624837765378,-49.2624837765378
203,15,16,Yemen,YEM,Middle East,Yemen,3.89936068946515,-3.8053369710177365,-3.7113132525703234,3.61728953412291,3.22724586837593,4.59118375146547,4.22957190021764,3.90775761144982,3.90939664635495,4.30904487234759,4.65544240491259,5.66958733568402,6.48736254950779,6.65850234447314,-6.65850234447314,-6.65850234447314,-6.65850234447314
204,12,22,Zambia,ZMB,Africa,Zambia,7.56797336225306,-7.2850753907921515,-7.002177419331242,-6.719279447870333,-6.436381476409425,-6.153483504948516,-5.870585533487607,-5.587687562026698,5.30478959056579,6.03429575644096,5.87724231415189,6.04987565157091,6.02043396512516,5.72155998629993,5.28136081655344,5.29794348491766,-5.29794348491766
205,12,23,Zimbabwe,ZWE,Africa,Zimbabwe,-12.3643829756436,12.3643829756436,12.9834546949028,10.7646912112708,10.6123954814048,10.4327408154787,8.16807521517202,-7.387919253170805,-6.60776329116959,-5.827607329168376,5.04745136716716,-5.858004805639675,6.66855824411219,-6.66855824411219,-6.66855824411219,-6.66855824411219,-6.66855824411219